Team ID , Team  , Year,score
1362,Heidelberg,2014,92.91510401
1893,Imperial_College,2016,84.3
1415,NCTU_Formosa,2014,80.08
323,Slovenia,2010,78.61312419
1758,Bielefeld-CeBiTec,2015,77.76
1321,Imperial,2014,76.24385619
818,Groningen,2012,75.494248
1497,TU_Darmstadt,2014,74.98385619
1159,TU-Munich,2013,74.10670401
1172,Bielefeld-Germany,2013,73.371525
1690,Czech_Republic,2015,73.14
782,Slovenia,2012,72.419552
1104,NYMU-Taipei,2013,72.3916
1614,Heidelberg,2015,71.74
1583,TU_Delft,2015,71.069925
2170,LMU-TUM_Munich,2016,71
1959,SCAU-China,2016,70.84
274,Cambridge,2009,70.16363319
823,LMU-Munich,2012,69.571774
1610,TAS_Taipei,2015,69.249925
316,Imperial_College_London,2010,69.13985
1315,Dundee,2014,68.64
1150,Freiburg,2013,67.17492568
1319,Aachen,2014,67.15558928
1996,Sydney_Australia,2016,66.6
1795,William_and_Mary,2015,66.069925
1493,Wageningen_UR,2014,65.288
1699,BGU_Israel,2015,65.14
200,Imperial_College_London,2009,63.80248968
902,Calgary,2012,63.4
1149,Imperial_College,2013,63.209925
346,Peking,2010,63.149852
1137,Paris_Bettencourt,2013,62.8
222,Valencia,2009,62.02942
1890,TU_Delft,2016,61.7
325,Cambridge,2010,59.969925
914,Paris_Bettencourt,2012,59.616784
1352,Aberdeen_Scotland,2014,59.44
415,MIT,2010,58.48057944
1961,HSiTAIWAN,2016,57.84
921,Carnegie_Mellon,2012,57.749852
143,Imperial_College,2008,57.6
203,Heidelberg,2009,57.6
2053,Pasteur_Paris,2016,57.54
844,Utah_State,2012,57.14047944
1152,Heidelberg,2013,57
1189,Calgary,2013,56.2016
133,Slovenia,2008,56.17492568
1650,Marburg,2015,56.14
515,Imperial_College_London,2011,55.81470984
1403,Paris_Bettencourt,2014,54.62
1582,Tianjin,2015,54.51470984
243,Freiburg_bioware,2009,53.969925
1595,Cornell,2015,53.72
137,Caltech,2008,53.53985
831,Colombia,2012,53.4
1934,INSA-Lyon,2016,52.44
1993,SYSU-MEDICINE,2016,51.66
2061,Tel-Hai,2016,51.16
1692,Stanford-Brown,2015,50.9
150,Heidelberg,2008,50.81378119
381,BCCS-Bristol,2010,50.80176
1324,UC_Davis,2014,50
1073,Braunschweig,2013,49.96
1921,TJUSLS_China,2016,49.9
1061,SYSU-China,2013,49.4
606,Paris_Bettencourt,2011,49.01470984
590,Washington,2011,49
537,WITS-CSIR_SA,2011,48.6
1420,Minnesota,2014,48.48
540,Lyon-INSA-ENS,2011,48.04385619
1585,Aachen,2015,47.9
819,Peking,2012,47.8
743,UC_Chile,2012,47.4
1989,Peking,2016,47.38
1051,Shenzhen_BGIC_ATCG,2013,47.21378119
1139,Tokyo_Tech,2013,47.2
737,OUC-China,2012,46.71886324
1965,Slovenia,2016,46.6
223,Stanford,2009,46.4
398,TU_Delft,2010,46.4
1898,TAS_Taipei,2016,46.1
1974,NCTU_Formosa,2016,46
1112,Valencia_Biocampus,2013,45.96
1674,Technion_Israel,2015,45.9
157,Freiburg,2008,45.84385619
314,Washington,2010,45.62934
1492,TU_Eindhoven,2014,45.42
572,IIT_Madras,2011,45
652,Yale,2011,45
329,Paris_Liliane_Bettencourt,2010,44.61305619
395,Tokyo_Tech,2010,44.54828324
1930,Groningen,2016,44.44
1012,Dundee,2013,44.4
187,Alberta,2009,44.237728
1216,ETH_Zurich,2013,44.2
525,Bielefeld-Germany,2011,43.91596199
1412,XMU-China,2014,43.68588699
1529,Tokyo_Tech,2014,43.6
656,Brown-Stanford,2011,43.4
541,Fatih_Turkey,2011,43.4
567,SJTU-BioX-Shanghai,2011,43.4
1210,Lethbridge,2013,43.4
1847,ETH_Zurich,2015,43.4
1829,UCSF,2015,43.22
880,Michigan,2012,43.20087944
1340,SYSU-Software,2014,43.04
934,Tokyo_Tech,2012,43.02942
1205,UIUC_Illinois,2013,42.8
1958,Nanjing-China,2016,42.8
2014,UAM_Poznan,2016,42.576
1613,HSNU-TAIPEI,2015,42.569925
575,Northwestern,2011,42.44385619
112,UC_Berkeley,2008,42.34072944
404,Freiburg_Bioware,2010,41.969268
257,Paris,2009,41.6
1491,Carnegie_Mellon,2014,41.6
98,Harvard,2008,41.44385619
900,Berkeley,2012,41.4
771,SJTU-BioX-Shanghai,2012,41.4
1166,TecMonterrey,2013,41.4
747,Freiburg,2012,41.08771238
561,ZJU-China,2011,40.969925
1913,Wageningen_UR,2016,40.9
1364,Toulouse,2014,40.769925
559,Hong_Kong-CUHK,2011,40.6
864,Uppsala_University,2012,40.51596199
190,Groningen,2009,40.369925
592,Uppsala-Sweden,2011,39.81470984
542,Lethbridge,2011,39.8
812,Evry,2012,39.8
2130,NTU-Singapore,2016,39.78
175,TUDelft,2009,39.4797
821,Tianjin,2012,39.4
1085,Groningen,2013,39.31886324
553,UNITS_Trieste,2011,39.11886324
640,Calgary,2011,39
1645,Waterloo,2015,38.9
800,Johns_Hopkins-Software,2012,38.837728
245,Slovenia,2009,38.74485068
801,TU_Munich,2012,38.65252951
1033,Uppsala,2013,38.569925
519,Tokyo-NoKoGen,2011,38.44385619
116,NYMU-Taipei,2008,38.4
1020,Tianjin,2013,38.4
2017,Valencia_UPV,2016,38.4
896,NYMU-Taipei,2012,38.04385619
1658,METU_HS_Ankara,2015,37.9
523,Edinburgh,2011,37.8
649,Tokyo_Tech,2011,37.8
1404,INSA-Lyon,2014,37.6
1351,LMU-Munich,2014,37.6
1554,Valencia_UPV,2014,37.6
1323,Waterloo,2014,37.6
1114,BostonU,2013,37.569925
1088,SDU-Denmark,2013,37.569925
776,CINVESTAV-IPN-UNAM_MX,2012,37.4
811,Penn,2012,37.4
1106,Buenos_Aires,2013,37.4
1119,Hong_Kong_HKUST,2013,37.4
658,XMU-China,2011,37.369925
86,IIT_Madras,2008,37.2
2033,Arizona_State,2016,37
1615,Edinburgh,2015,36.81886324
624,NYMU-Taipei,2011,36.81470984
546,Wageningen_UR,2011,36.8
1696,TJU,2015,36.64
1021,Cornell,2013,36.569925
750,XMU-China,2012,36.44385619
608,Freiburg,2011,36.41470984
1689,Peking,2015,36.4
817,NTU-Taida,2012,36.29585503
82,USTC,2008,36.08771238
115,TUDelft,2008,35.93985
847,Stanford-Brown,2012,35.8
317,Tokyo-NoKoGen,2010,35.44385619
1031,Peking,2013,35.4
1128,Penn,2013,35.4
121,Tokyo_Tech,2008,35.18463484
228,PKU_Beijing,2009,35.04385619
875,Trieste,2012,34.969925
742,USTC-Software,2012,34.837728
91,Davidson-Missouri_Western,2008,34.81470984
779,MIT,2012,34.80087944
422,ETHZ_Basel,2010,34.8
311,Minnesota,2010,34.8
2018,SDU-Denmark,2016,34.8
1467,NRP-UEA-Norwich,2014,34.73985
783,BostonU,2012,34.71886324
320,EPF_Lausanne,2010,34.4
362,KIT-Kyoto,2010,34.4
957,Cornell,2012,34.4
777,Goettingen,2012,34.4
1761,TU_Eindhoven,2015,34.4
259,BCCS-Bristol,2009,34.369925
191,EPF-Lausanne,2009,34.2
648,Penn_State,2011,34.13985
101,Minnesota,2008,34
93,Waterloo,2008,33.91510401
1016,SYSU-Software,2013,33.84
106,UCSF,2008,33.8
641,Berkeley,2011,33.8
517,British_Columbia,2011,33.8
122,Rice_University,2008,33.6
1330,DTU-Denmark,2014,33.6
1541,ETH_Zurich,2014,33.6
1475,SDU-Denmark,2014,33.6
1316,TU_Delft-Leiden,2014,33.6
861,WHU-China,2012,33.41470984
261,Illinois-Tools,2009,33.4
729,University_College_London,2012,33.4
1161,Alberta,2013,33.4
1045,Goettingen,2013,33.4
1017,NCTU_Formosa,2013,33.4
1065,UNITN-Trento,2013,33.4
1011,Virginia,2013,33.4
1039,Waterloo,2013,33.4
1054,ZJU-China,2013,33.4
1871,BroadRun-NorthernVA,2015,33.4
1632,Tokyo_Tech,2015,33.4
2043,Paris_Bettencourt,2016,33.2
2185,BroadRun-Baltimore,2016,33.1
1602,TU_Darmstadt,2015,33.069925
816,Wellesley_HCI,2012,33
2128,Genspace,2016,32.98
511,MIT,2011,32.969925
678,DTU-Denmark-2,2011,32.73985
1591,SYSU-Software,2015,32.68
173,UNIPV-Pavia,2009,32.6797
145,KULeuven,2008,32.61378119
1813,British_Columbia,2015,32.57492568
2104,Michigan_Software,2016,32.54
1814,SVA-NYC,2015,32.5
208,Utah_State,2009,32.48878824
518,UT-Tokyo,2011,32.41470984
524,HKUST-Hong_Kong,2011,32.4
1144,Colombia_Uniandes,2013,32.4
1141,Grenoble-EMSE-LSU,2013,32.4
1059,OUC-China,2013,32.4
1789,NUDT_CHINA,2015,32.23985
607,Groningen,2011,32.2
598,Peking_R,2011,32.2
568,TU_Munich,2011,32.2
2092,Manchester,2016,32.2
879,Alberta,2012,32.04385619
199,MoWestern_Davidson,2009,32.01470984
389,Bielefeld-Germany,2010,32.01470984
1423,WPI-Worcester,2014,32.01470984
198,Berkeley_Software,2009,32
301,UCL_London,2010,31.969925
2003,Uppsala,2016,31.9
300,UNIPV-Pavia,2010,31.89585503
863,Bielefeld-Germany,2012,31.8
929,Potsdam_Bioware,2012,31.8
731,UNITN-Trento,2012,31.8
1123,TU-Eindhoven,2013,31.73985
1531,SF_Bay_Area_DIYbio,2014,31.6
1346,UCSF_UCB,2014,31.6
629,SYSU-China,2011,31.48771238
886,USP-UNESP-Brazil,2012,31.44385619
331,Lethbridge,2010,31.44385619
322,Edinburgh,2010,31.4
911,Cambridge,2012,31.4
1077,Michigan,2013,31.4
1225,Purdue,2013,31.4
1086,UFMG_Brazil,2013,31.4
369,USTC_Software,2010,31.22942
2179,UrbanTundra_Edmonton,2016,31.2
209,UCSF,2009,31.04385619
309,Queens-Canada,2010,31.04385619
602,Osaka,2011,30.969925
733,HKUST-Hong_Kong,2012,30.969925
283,HKU-HKBU,2009,30.8
360,UNAM-Genomics_Mexico,2010,30.8
538,Amsterdam,2011,30.8
638,Cambridge,2011,30.8
895,Dundee,2012,30.8
766,Tsinghua,2012,30.8
808,TU_Darmstadt,2012,30.8
763,Valencia_Biocampus,2012,30.8
1980,Oxford,2016,30.6
176,USTC,2009,30.57492568
390,Utah_State,2010,30.4
1163,Evry,2013,30.4
1026,SJTU-BioX-Shanghai,2013,30.4
1465,Bielefeld-CeBiTec,2014,30.4
1379,Hong_Kong_HKUST,2014,30.4
1532,NUDT_CHINA,2014,30.4
1350,SZU-China,2014,30.4
1618,NRP-UEA-Norwich,2015,30.4
1462,SCUT,2014,30.11510401
1688,Uppsala,2015,30.069925
299,Warsaw,2010,30.04385619
1676,NTU-Singapore,2015,30.04385619
1461,UT-Tokyo,2014,30.01470984
1520,Nanjing-China,2014,29.909775
1624,LASATX,2015,29.9
1633,NJU-China,2015,29.9
1486,EPF_Lausanne,2014,29.89585503
912,Northwestern,2012,29.80087944
909,ETH_Zurich,2012,29.8
781,Queens_Canada,2012,29.8
784,Technion,2012,29.8
775,TU-Delft,2012,29.8
562,Dundee,2011,29.8
613,EPF-Lausanne,2011,29.8
249,Lethbridge,2009,29.569925
315,Davidson-MissouriW,2010,29.569925
302,Newcastle,2010,29.569925
376,Penn_State,2010,29.569925
185,SJTU-BioX-Shanghai,2009,29.4
343,SDU-Denmark,2010,29.4
1223,BGU_Israel,2013,29.4
1129,British_Columbia,2013,29.4
1188,CU-Boulder,2013,29.4
1100,Fudan,2013,29.4
1060,KU_Leuven,2013,29.4
1185,Newcastle,2013,29.4
1218,Stanford-Brown,2013,29.4
1062,UCSF,2013,29.4
1036,XMU-China,2013,29.4
1799,Genspace,2015,29.4
1682,HKUST-Rice,2015,29.4
1720,SCUT-China,2015,29.4
1669,Slovenia_HS,2015,29.4
2023,Ionis_Paris,2016,29.3
1638,SDU-Denmark,2015,29.23985
196,ULB-Brussels,2009,29.2
2027,Stanford-Brown,2016,29.2
2008,UofC_Calgary,2016,29.2
809,Shenzhen,2012,29.04385619
1092,Hong_Kong_CUHK,2013,29.04385619
1080,Macquarie_Australia,2013,29.04385619
1332,Gifu,2014,29.04385619
1725,Glasgow,2015,29.04385619
125,Hawaii,2008,29.00087944
893,SYSU-Software,2012,29
791,UT-Tokyo-Software,2012,29
1027,Manchester,2013,29
531,Grinnell,2011,28.969925
1659,Oxford,2015,28.9
1598,UCL,2015,28.9
1763,UCLA,2015,28.9
204,Osaka,2009,28.8
539,NCTU_Formosa,2011,28.8
654,Utah_State,2011,28.8
778,UT-Tokyo,2012,28.8
1151,UniSalento_Lecce,2013,28.73985
174,Newcastle,2009,28.569925
931,Nevada,2012,28.569925
1022,TU-Delft,2013,28.569925
1463,Glasgow,2014,28.569925
1694,NCTU_Formosa,2015,28.569925
634,Wisconsin-Madison,2011,28.44385619
77,Groningen,2008,28.4
510,UPO-Sevilla,2011,28.4
891,Arizona_State,2012,28.4
804,British_Columbia,2012,28.4
845,Grenoble,2012,28.4
759,HokkaidoU_Japan,2012,28.4
799,Johns_Hopkins-Wetware,2012,28.4
925,St_Andrews,2012,28.4
1228,HZAU-China,2013,28.4
1194,IIT_Madras,2013,28.4
1094,UNIK_Copenhagen,2013,28.4
1472,CityU_HK,2014,28.4
1455,Colombia,2014,28.4
1460,Cornell,2014,28.4
1381,Uppsala,2014,28.4
1592,HUST-China,2015,28.4
1641,SYSU_CHINA,2015,28.4
1680,Tuebingen,2015,28.4
1604,UNITN-Trento,2015,28.4
1960,XMU-China,2016,28.4
364,Debrecen-Hungary,2010,28.31886324
1653,Nagahama,2015,28.31886324
135,BCCS-Bristol,2008,28.24385619
577,BU_Wellesley_Software,2011,28.2
545,Grenoble,2011,28.2
530,Johns_Hopkins,2011,28.2
642,uOttawa,2011,28.2
165,BrownTwo,2008,28.01470984
332,NCTU_Formosa,2010,28.01470984
614,Gaston_Day_School,2011,28
1941,EPFL,2016,28
2151,Glasgow,2016,28
2148,Cambridge-JIC,2016,27.9
1991,Mingdao,2016,27.9
2137,Waterloo,2016,27.9
838,EPF-Lausanne,2012,27.8
797,Kyoto,2012,27.8
936,UC_Davis,2012,27.8
597,Cornell,2011,27.8
631,Queens_Canada,2011,27.8
557,USTC-China,2011,27.8
726,UCSF,2012,27.73985
1695,CityU_HK,2015,27.73985
1333,SYSU-China,2014,27.6
906,WashU,2012,27.569925
1197,METU_Turkey,2013,27.569925
1072,SCUT,2013,27.569925
1373,SCAU-China,2014,27.569925
1339,Tokyo-NoKoGen,2014,27.569925
1489,UMaryland,2014,27.569925
1773,Vilnius-Lithuania,2015,27.54385619
802,Lyon-INSA,2012,27.4
887,NCTU_Formosa,2012,27.4
933,Penn_State,2012,27.4
741,USTC-China,2012,27.4
732,Virginia,2012,27.4
883,Wageningen_UR,2012,27.4
1195,BYU_Provo,2013,27.4
1024,Tsinghua,2013,27.4
1621,Freiburg,2015,27.4
1709,KU_Leuven,2015,27.4
111,UC_Berkeley_Tools,2008,27.2
218,Calgary,2009,27.04385619
215,Washington,2009,27.04385619
339,Calgary,2010,27.04385619
358,Kyoto,2010,27.04385619
1212,UC_Davis,2013,27.04385619
2116,ETH_Zurich,2016,27
2066,William_and_Mary,2016,27
1698,Cork_Ireland,2015,26.9
1766,Stockholm,2015,26.9
1587,Toulouse,2015,26.9
1807,York,2015,26.9
128,MIT,2008,26.8
252,Illinois,2009,26.8
266,IPN-UNAM-Mexico,2009,26.8
188,NCTU_Formosa,2009,26.8
256,NTU-Singapore,2009,26.8
193,Tokyo_Tech,2009,26.8
407,BIOTEC_Dresden,2010,26.8
337,Heidelberg,2010,26.8
318,Wisconsin-Madison,2010,26.8
564,DTU-Denmark,2011,26.8
558,Nevada,2011,26.8
581,Peking_S,2011,26.8
548,Penn,2011,26.8
785,Fudan_Lux,2012,26.8
748,HIT-Harbin,2012,26.8
769,Tokyo-NoKoGen,2012,26.8
876,UT_Dallas,2012,26.8
892,Washington,2012,26.8
2082,Bielefeld-CeBiTec,2016,26.7
1982,NEU-China,2016,26.7
1897,NUS_Singapore,2016,26.7
2110,Tianjin,2016,26.7
1937,Toulouse_France,2016,26.7
1983,Vilnius-Lithuania,2016,26.7
1963,Dundee_Schools,2016,26.6
2068,UCLA,2016,26.6
371,USTC,2010,26.569925
1442,Warwick,2014,26.569925
1616,IONIS_Paris,2015,26.569925
773,Caltech,2012,26.41470984
202,Minnesota,2009,26.4
349,Alberta,2010,26.4
426,Berkeley,2010,26.4
374,DTU-Denmark,2010,26.4
382,Harvard,2010,26.4
342,INSA-Lyon,2010,26.4
387,SJTU-BioX-Shanghai,2010,26.4
341,Tsinghua,2010,26.4
327,UC_Davis,2010,26.4
321,UCSF,2010,26.4
873,SEU_A,2012,26.4
1202,ATOMS-Turkiye,2013,26.4
1058,BIT,2013,26.4
1132,INSA_Toulouse,2013,26.4
1157,NTU-Taida,2013,26.4
1155,Paris_Saclay,2013,26.4
1053,Tokyo-NoKoGen,2013,26.4
1416,Austin_Texas,2014,26.4
1484,Cambridge-JIC,2014,26.4
1440,Fudan,2014,26.4
1320,Gaston_Day_School,2014,26.4
1365,Groningen,2014,26.4
1314,Hong_Kong-CUHK,2014,26.4
1387,ITB_Indonesia,2014,26.4
1510,NYMU-Taipei,2014,26.4
1499,StanfordBrownSpelman,2014,26.4
1363,USTC-China,2014,26.4
1468,Valencia_Biocampus,2014,26.4
1357,Virginia,2014,26.4
1834,Consort_Alberta,2015,26.4
1620,UFSCar-Brasil,2015,26.4
1875,BostonU,2016,26.3
1675,BIT-China,2015,26.069925
177,Warsaw,2009,26.04385619
1179,MIT,2013,26.04385619
1014,HIT-Harbin,2013,26.01470984
1703,Cambridge-JIC,2015,26
584,KULeuven,2011,25.969925
1713,HZAU-China,2015,25.9
1640,Macquarie_Australia,2015,25.9
1678,Paris_Bettencourt,2015,25.9
1736,Sydney_Australia,2015,25.9
627,Potsdam_Bioware,2011,25.8
533,Tsinghua,2011,25.8
1909,Hamburg,2016,25.6
1824,XJTLU-CHINA,2015,25.57492568
319,uOttawa,2010,25.569925
1162,Utah_State,2013,25.569925
94,iHKU,2008,25.44385619
118,Edinburgh,2008,25.4
104,Newcastle_University,2008,25.4
182,Aberdeen_Scotland,2009,25.4
516,UNIPV-Pavia,2011,25.4
874,Amsterdam,2012,25.4
907,KAIST_Korea,2012,25.4
851,UNAM_Genomics_Mexico,2012,25.4
762,Wisconsin-Madison,2012,25.4
1131,Berkeley,2013,25.4
1117,BIT-China,2013,25.4
1156,GeorgiaTech,2013,25.4
1037,HUST-China,2013,25.4
1071,Marburg,2013,25.4
1115,SydneyUni_Australia,2013,25.4
1113,UC_Chile,2013,25.4
1074,USTC_CHINA,2013,25.4
1023,Wageningen_UR,2013,25.4
1081,WHU-China,2013,25.4
1127,York_UK,2013,25.4
1456,ATOMS-Turkiye,2014,25.4
1398,Exeter,2014,25.4
1627,Austin_UTexas,2015,25.4
1686,Bordeaux,2015,25.4
1590,Dundee,2015,25.4
1701,Nanjing-China,2015,25.4
1840,NTNU_Trondheim,2015,25.4
1769,NYMU-Taipei,2015,25.4
1744,Sherbrooke,2015,25.4
1642,SJTU-BioX-Shanghai,2015,25.4
1722,SZU_China,2015,25.4
1767,Technion_HS_Israel,2015,25.4
1668,ZJU-China,2015,25.4
2120,BIT-China,2016,25.4
2114,Freiburg,2016,25.4
1933,Kyoto,2016,25.4
1992,Technion_Israel,2016,25.4
1887,TMMU_China,2016,25.4
1966,UT-Knoxville,2016,25.4
2091,BGU_ISRAEL,2016,25.3
1997,NUDT_CHINA,2016,25.3
2065,TU-Eindhoven,2016,25.3
1954,UCL,2016,25.3
1566,GES_NCSU_Raleigh_NC,2014,25.2
2100,MIT,2016,25
1920,NCKU_Tainan,2016,25
1084,HokkaidoU_Japan,2013,24.569925
264,Virginia_Commonwealth,2009,24.569925
227,Wash_U,2009,24.569925
1122,Edinburgh,2013,24.569925
1732,Carnegie_Mellon,2015,24.569925
1648,Hong_Kong-CUHK,2015,24.569925
1742,Valencia_UPV,2015,24.569925
100,PennState,2008,24.4
197,Berkeley_Wetlab,2009,24.4
206,British_Columbia,2009,24.4
411,NYMU-Taipei,2010,24.4
353,Stanford,2010,24.4
427,Tec-Monterrey,2010,24.4
310,UIUC-Illinois,2010,24.4
604,Fudan-Shanghai,2011,24.4
798,Fudan_D,2012,24.4
1067,DTU-Denmark,2013,24.4
1217,Hong_Kong_HKU,2013,24.4
1019,Toronto,2013,24.4
1093,Warsaw,2013,24.4
1070,XMU_Software,2013,24.4
1349,Aix-Marseille,2014,24.4
1438,Berlin,2014,24.4
1407,BIT,2014,24.4
1325,BIT-China,2014,24.4
1405,BNU-China,2014,24.4
1401,BostonU,2014,24.4
1390,Braunschweig,2014,24.4
1545,Duke,2014,24.4
1399,Edinburgh,2014,24.4
1470,Freiburg,2014,24.4
1368,HZAU-China,2014,24.4
1312,Kyoto,2014,24.4
1329,Marburg,2014,24.4
1555,NJAU_China,2014,24.4
1424,NTNU_Trondheim,2014,24.4
1507,NTU_Taida,2014,24.4
1446,Oxford,2014,24.4
1372,Paris_Saclay,2014,24.4
1378,Peking,2014,24.4
1498,Sheffield,2014,24.4
1479,SJTU-Software,2014,24.4
1431,SUSTC-Shenzhen,2014,24.4
1343,Technion-Israel,2014,24.4
1366,Tec-Monterrey,2014,24.4
1360,Tongji,2014,24.4
1427,Tufts,2014,24.4
1336,UCL,2014,24.4
1537,UESTC-China,2014,24.4
1344,UI-Indonesia,2014,24.4
1418,Utah_State,2014,24.4
1655,Aalto-Helsinki,2015,24.4
1825,UNIK_Copenhagen,2015,24.4
2047,OUC-China,2016,24.4
109,University_of_Washington,2008,24.24385619
2020,Aachen,2016,24
2117,DTU-Denmark,2016,24
2052,METU_HS_Ankara,2016,24
2144,Stockholm,2016,24
619,BYU_Provo,2011,23.8
620,Caltech,2011,23.8
625,ETH_Zurich,2011,23.8
2084,Pittsburgh,2016,23.7
79,Bologna,2008,23.6
313,UT-Tokyo,2010,23.569925
1231,Northwestern,2013,23.569925
1087,SCU_China,2013,23.569925
1135,UCL_PG,2013,23.569925
1820,Utah_State,2015,23.569925
284,UNICAMP-Brazil,2009,23.4
412,UTDallas,2010,23.4
786,Hong_Kong-CUHK,2012,23.4
953,Macquarie_Australia,2012,23.4
932,Purdue,2012,23.4
738,ZJU-China,2012,23.4
1145,Nanjing-China,2013,23.4
1116,Tsinghua-A,2013,23.4
1164,uOttawa,2013,23.4
1341,AHUT_China,2014,23.4
1751,AHUT_China,2015,23.4
1684,BIOSINT_Mexico,2015,23.4
1634,China_Tongji,2015,23.4
1755,LZU-China,2015,23.4
1796,SCU_China,2015,23.4
1647,WHU-China,2015,23.4
1809,WPI-Worcester,2015,23.4
239,UCL_London,2009,23.04385619
416,NYU,2010,23.04385619
1639,ATOMS-Turkiye,2015,22.9
1806,AUC_TURKEY,2015,22.9
1733,BostonU,2015,22.9
1716,DTU-Denmark,2015,22.9
1850,Harvard_BioDesign,2015,22.9
1712,UC_Davis,2015,22.9
1783,UMaryland,2015,22.9
1683,WLC-Milwaukee,2015,22.9
117,NTU-Singapore,2008,22.8
235,VictoriaBC,2009,22.8
660,Glasgow,2011,22.8
621,Missouri_Miners,2011,22.8
543,Tokyo_Metropolitan,2011,22.8
916,Georgia_Tech,2012,22.8
2139,British_Columbia,2016,22.7
2078,CLSB-UK,2016,22.7
2010,Harvard_BioDesign,2016,22.7
1998,Macquarie_Australia,2016,22.7
2016,Sheffield,2016,22.7
1916,UC_Davis,2016,22.7
2013,UESTC-China,2016,22.7
1896,UGent_Belgium,2016,22.7
124,Brown,2008,22.6
1876,BostonU_HW,2016,22.6
1861,FAU_Erlangen,2015,22.569925
1910,OLS_Canmore,2016,22.5
102,Alberta_NINT,2008,22.4
201,Bologna,2009,22.4
207,Harvard,2009,22.4
255,IIT_Bombay_India,2009,22.4
277,Johns_Hopkins-BAG,2009,22.4
189,Tsinghua,2009,22.4
231,Virginia,2009,22.4
338,Caltech,2010,22.4
396,Chiba,2010,22.4
305,Groningen,2010,22.4
372,IIT_Madras,2010,22.4
363,Johns_Hopkins,2010,22.4
352,METU_Turkey,2010,22.4
500,Tianjin,2010,22.4
494,TU_Munich,2010,22.4
401,Valencia,2010,22.4
626,Debrecen_Hungary,2011,22.4
628,St_Andrews,2011,22.4
633,Tec-Monterrey,2011,22.4
644,UCSF,2011,22.4
535,UNAM-Genomics_Mexico,2011,22.4
833,BYUProvo,2012,22.4
824,Gaston_Day_School,2012,22.4
787,Rutgers,2012,22.4
897,SEU_O_China,2012,22.4
827,SUSTC-Shenzhen-B,2012,22.4
1230,Ciencias-UNAM,2013,22.4
1178,Greensboro-Austin,2013,22.4
1180,NJU_China,2013,22.4
1010,SCAU-China,2013,22.4
1018,UCL,2013,22.4
1091,UESTC,2013,22.4
1199,UESTC_Life,2013,22.4
1182,UI-Indonesia,2013,22.4
1444,Calgary,2014,22.4
1419,Lethbridge,2014,22.4
1391,MIT,2014,22.4
1371,SCUT-China,2014,22.4
1328,Tsinghua,2014,22.4
1480,UANL_Mty-Mexico,2014,22.4
1487,UT-Dallas,2014,22.4
1408,Washington,2014,22.4
1385,WashU_StLouis,2014,22.4
1526,York,2014,22.4
1670,Manchester-Graz,2015,22.4
1679,OUC-China,2015,22.4
2097,Austin_UTexas,2016,22.4
1940,JNFLS_China,2016,22.4
792,Buenos_Aires,2012,22.01470984
615,Harvard,2011,21.8
2029,UBonn_HBRS,2016,21.7
1994,Warwick,2016,21.7
365,ESBS-Strasbourg,2010,21.569925
142,ETH_Zurich,2008,21.569925
566,UANL_Mty-Mexico,2011,21.569925
814,Minnesota,2012,21.569925
1222,TzuChiU_Formosa,2013,21.569925
1175,WLC-Milwaukee,2013,21.569925
1782,UESTC_Software,2015,21.5
1635,UGA-Georgia,2015,21.5
805,HUST-China,2012,21.44385619
247,Chiba,2009,21.4
216,Edinburgh,2009,21.4
238,KULeuven,2009,21.4
258,METU-Gene,2009,21.4
289,Tianjin,2009,21.4
643,Columbia-Cooper,2011,21.4
611,UC_Davis,2011,21.4
554,UNICAMP-EMSE_Brazil,2011,21.4
774,NRP-UEA-Norwich,2012,21.4
1090,Clemson,2013,21.4
1111,EPF_Lausanne,2013,21.4
1064,ITB_Indonesia,2013,21.4
1025,Tsinghua-E,2013,21.4
1429,Genspace,2014,21.4
1523,LZU-China,2014,21.4
1326,Macquarie_Australia,2014,21.4
1506,Penn_State,2014,21.4
1719,Amoy,2015,21.4
1844,Amsterdam,2015,21.4
1677,BABS_UNSW_Australia,2015,21.4
1651,BIT,2015,21.4
1819,Brasil-USP,2015,21.4
1728,CGU_Taiwan,2015,21.4
1779,CHINA_CD_UESTC,2015,21.4
1746,Cooper_Union,2015,21.4
1586,Exeter,2015,21.4
1859,Gifu,2015,21.4
1597,Groningen,2015,21.4
1739,Kent,2015,21.4
1791,Lethbridge,2015,21.4
1831,Queens_Canada,2015,21.4
1724,SCUT,2015,21.4
1804,SPSingapore,2015,21.4
1629,TecCEM_HS,2015,21.4
1734,Tec-Monterrey,2015,21.4
1808,TrinityCollegeDublin,2015,21.4
1797,Tsinghua,2015,21.4
1741,UAM_Poznan,2015,21.4
1823,UB_Indonesia,2015,21.4
1652,uOttawa,2015,21.4
1855,Warwick,2015,21.4
1711,Washington,2015,21.4
1748,Westminster,2015,21.4
1907,Aalto-Helsinki,2016,21.4
1951,Aix-Marseille,2016,21.4
1946,Bilkent-UNAMBG,2016,21.4
1891,BNU-China,2016,21.4
2030,Chalmers_Gothenburg,2016,21.4
2062,ColumbiaU_NYC,2016,21.4
2184,Danci-K8,2016,21.4
1936,Duesseldorf,2016,21.4
1962,Dundee,2016,21.4
1914,Exeter,2016,21.4
2074,FAFU-CHINA,2016,21.4
2169,FAU_Erlangen,2016,21.4
2036,HUST-China,2016,21.4
1932,Jilin_China,2016,21.4
2094,Korea_U_Seoul,2016,21.4
2109,Lethbridge,2016,21.4
2088,NAU-CHINA,2016,21.4
1942,NJU-China,2016,21.4
1981,NKU_China,2016,21.4
2019,Northwestern,2016,21.4
2040,NYMU-Taipei,2016,21.4
1919,SCU-China,2016,21.4
1972,SCUT-China_A,2016,21.4
1979,SDSZ_China,2016,21.4
2132,ShanghaitechChina,2016,21.4
2152,ShanghaiTechChina_B,2016,21.4
1928,Shenzhen_SFLS,2016,21.4
1969,SJTU-BioX-Shanghai,2016,21.4
1926,SYSU-CHINA,2016,21.4
2055,Tec-Monterrey,2016,21.4
1949,Tokyo_Tech,2016,21.4
1923,Tsinghua,2016,21.4
2150,UCAS,2016,21.4
2002,UCC_Ireland,2016,21.4
2123,UFAM-UEA_Brazil,2016,21.4
1927,UiOslo_Norway,2016,21.4
2022,UNSW_Australia,2016,21.4
1973,UPO-Sevilla,2016,21.4
1879,Virginia,2016,21.4
2135,WashU_StLouis,2016,21.4
1911,LambertGA,2016,21.3
917,Edinburgh,2012,21
113,HKUSTers,2008,20.8
195,NYMU-Taipei,2009,20.8
1508,Sumbawagen,2014,20.6
855,HKU_HongKong,2012,20.569925
1631,UT-Tokyo,2015,20.569925
194,DTU_Denmark,2009,20.4
242,LCG-UNAM-Mexico,2009,20.4
429,Duke,2010,20.4
622,Kyoto,2011,20.4
739,Korea_U_Seoul,2012,20.4
1057,Chiba,2013,20.4
1126,Kyoto,2013,20.4
1136,Nevada,2013,20.4
1125,NTU_Taiwan,2013,20.4
1206,Rutgers,2013,20.4
1030,SUSTC-Shenzhen-A,2013,20.4
1214,UT_Dallas,2013,20.4
1356,BYU_Provo,2014,20.4
1421,CAU_China,2014,20.4
1445,CU-Boulder,2014,20.4
1503,Gothenburg,2014,20.4
1478,Hannover,2014,20.4
1393,HUST-China,2014,20.4
1519,Michigan,2014,20.4
1342,Nagahama,2014,20.4
1509,NEFU_China,2014,20.4
1347,Nevada,2014,20.4
1548,Pitt,2014,20.4
1469,Saarland,2014,20.4
1375,SCU-China,2014,20.4
1718,CU_Boulder,2015,20.4
1759,SJTU-Software,2015,20.4
2041,BIT,2016,20.4
1985,Kent,2016,20.4
141,Valencia,2008,20
183,USTC_Software,2009,20
330,HKUST,2010,20
361,Hong_Kong-CUHK,2010,20
356,St_Andrews,2010,20
402,ZJU-China,2010,20
650,NYC_Wetware,2011,20
551,ULB-Brussels,2011,20
822,NTNU_Trondheim,2012,20
842,USC,2012,20
1184,Carnegie_Mellon,2013,20
1052,Shenzhen_BGIC_0101,2013,20
1032,SUSTC-Shenzhen-B,2013,20
1079,USTC-Software,2013,20
1068,Wellesley_Desyne,2013,20
1436,AMU-Poznan,2014,20
1354,Cooper_Union,2014,20
1451,HFUT_CHINA,2014,20
1353,UCSD_Software,2014,20
1535,UESTC-Software,2014,20
1355,UFAM_Brazil,2014,20
1376,USTC-Software,2014,20
1693,HFUT-China,2015,20
1754,Korea_U_Seoul,2015,20
1594,USTC-Software,2015,20
1735,Wellesley_TheTech,2015,20
2162,SJTU-Software,2016,20
1883,SYSU-Software,2016,20
2025,UESTC-software,2016,20
2001,USTC-Software,2016,20
1544,ITESM-Guadalajara,2014,19.8
646,Macquarie_Australia,2011,19.4
526,UNIST_Korea,2011,19.4
740,Tsinghua-A,2012,19.4
1211,Yale,2013,19.4
1448,KIT-Kyoto,2014,19.4
1685,ITB_INDONESIA,2015,19.4
90,Cambridge,2008,19.01470984
1607,Shenzhen_SFLS,2015,18.9
1760,Toronto,2015,18.9
92,EPF-Lausanne,2008,18.8
156,Virginia,2008,18.8
221,ArtScienceBangalore,2009,18.8
952,Columbia-Cooper-NYC,2012,18.8
136,Paris,2008,18.73985
1931,Cornell_NY,2016,18.7
2071,UCSC,2016,18.7
2032,UMaryland,2016,18.7
131,Calgary_Wetware,2008,18.4
84,Chiba,2008,18.4
149,University_of_Ottawa,2008,18.4
282,Duke,2009,18.4
210,Kyoto,2009,18.4
290,McGill,2009,18.4
400,Korea_U_Seoul,2010,18.4
414,Nevada,2010,18.4
419,TzuChiU_Formosa,2010,18.4
544,HKU-Hong_Kong,2011,18.4
632,Minnesota,2011,18.4
635,Virginia,2011,18.4
935,IvyTech-South_Bend,2012,18.4
758,KIT-Kyoto,2012,18.4
905,Nanjing_China_Bio,2012,18.4
806,SYSU-China,2012,18.4
950,Tuebingen,2012,18.4
780,Warsaw,2012,18.4
1204,Duke,2013,18.4
1173,Exeter,2013,18.4
1055,TU_Darmstadt,2013,18.4
1138,UGA-Georgia,2013,18.4
1547,Concordia,2014,18.4
1413,Evry,2014,18.4
1441,Georgia_State,2014,18.4
1539,GeorgiaTech,2014,18.4
1428,Hong_Kong_HKU,2014,18.4
1313,ITESM-CEM,2014,18.4
1477,IvyTech_SouthBend_IN,2014,18.4
1565,LIKA-CESAR-Brasil,2014,18.4
1400,uOttawa,2014,18.4
1660,BNU-CHINA,2015,18.4
1790,Danzi_Kesh_8,2015,18.4
1777,Fudan,2015,18.4
1866,IIT_Delhi,2015,18.4
2145,Alverno_CA,2016,18.4
1955,CGU_Taiwan,2016,18.4
1899,Hong_Kong_HKUST,2016,18.4
1956,IIT-Madras,2016,18.4
1995,Lanzhou,2016,18.4
1922,Tongji_Shanghai,2016,18.4
1886,ZJU-China,2016,18.4
574,Tsinghua-A,2011,18.2
576,Waterloo,2011,18.2
1500,UChicago,2014,18.01470984
304,VT-ENSIMAG_Biosecurity,2010,18
560,WHU-China,2011,17.8
1471,BIOSINT_Mexico,2014,17.73985
569,UT_Dallas,2011,17.569925
1756,NYU_Shanghai,2015,17.5
103,Warsaw,2008,17.4
272,IIT_Madras,2009,17.4
394,WashU,2010,17.4
536,METU-BIN_Ankara,2011,17.4
767,SUSTC-Shenzhen-A,2012,17.4
865,UIUC-Illinois,2012,17.4
810,Yale,2012,17.4
1015,TMU-Tokyo,2013,17.4
1617,Berlin,2015,17.4
1657,CAU_China,2015,17.4
1603,Chalmers-Gothenburg,2015,17.4
1848,Columbia_NYC,2015,17.4
1702,CSU_Fort_Collins,2015,17.4
1835,Duke,2015,17.4
1723,EPF_Lausanne,2015,17.4
1611,Evry,2015,17.4
1800,Georgia_State,2015,17.4
1671,Hangzhou-H14Z,2015,17.4
1714,HokkaidoU_Japan,2015,17.4
1740,KAIT_Japan,2015,17.4
1787,NAIT_Edmonton,2015,17.4
1666,NEFU_China,2015,17.4
1649,NJAU_China,2015,17.4
1841,NTU-LIHPAO-Taiwan,2015,17.4
1828,NU_Kazakhstan,2015,17.4
1833,Pitt,2015,17.4
1869,Santa_Clara,2015,17.4
1667,Shiyan_SY_China,2015,17.4
1794,SKLBC-DGSYZX,2015,17.4
1810,Stony_Brook,2015,17.4
1727,TCU_Taiwan,2015,17.4
1636,TecCEM,2015,17.4
1745,UChicago,2015,17.4
1681,UIUC_Illinois,2015,17.4
1731,UNAM-CU,2015,17.4
1838,UNC-Chapel_Hill,2015,17.4
1600,Virginia,2015,17.4
1856,Yale,2015,17.4
2026,BGIC_China,2016,17.4
2060,Cardiff_Wales,2016,17.4
2172,CIEI-BJ,2016,17.4
2045,Concordia,2016,17.4
2129,CU-Boulder,2016,17.4
1880,Duke,2016,17.4
1968,Edinburgh_OG,2016,17.4
2089,GDSYZX-United,2016,17.4
1915,Georgia_State,2016,17.4
2158,Gifu,2016,17.4
1978,Goettingen,2016,17.4
2057,Guanajuato_Mx,2016,17.4
2054,Hong_Kong_HKU,2016,17.4
2173,IIT_Delhi,2016,17.4
2127,IngenuityLab_Canada,2016,17.4
2107,Lubbock_TTU,2016,17.4
1964,Marburg,2016,17.4
2105,Michigan,2016,17.4
1950,Nagahama,2016,17.4
1894,Nanjing_NFLS,2016,17.4
1947,NEFU_China,2016,17.4
1957,NRP-UEA-Norwich,2016,17.4
2122,NYU-AD,2016,17.4
2037,Pretoria_UP,2016,17.4
1988,Purdue,2016,17.4
1878,Rice,2016,17.4
1892,SMS_Shenzhen,2016,17.4
1908,Stony_Brook,2016,17.4
1943,SUSTech_Shenzhen,2016,17.4
2113,SVCE_CHENNAI,2016,17.4
1903,TEC-Costa_Rica,2016,17.4
1976,TU_Darmstadt,2016,17.4
1939,UGA-Georgia,2016,17.4
2007,ULV-LC-CV,2016,17.4
2086,UNebraska-Lincoln,2016,17.4
2136,USP_UNIFESP-Brazil,2016,17.4
2009,USTC,2016,17.4
2070,UT-Tokyo,2016,17.4
2005,Vanderbilt,2016,17.4
1900,WLC-Milwaukee,2016,17.4
2083,WPI_Worcester,2016,17.4
1906,XJTLU-CHINA,2016,17.4
1124,UT-Tokyo,2013,17.04385619
860,CBNU-Korea,2012,17
951,UTP-Software,2012,17
105,ESBS-Strasbourg,2008,16.8
123,University_of_Alberta,2008,16.8
212,Brown,2009,16.8
336,Tokyo_Metropolitan,2010,16.8
594,OUC-China,2011,16.8
588,Rutgers,2011,16.8
617,UIUC-Illinois,2011,16.8
764,Exeter,2012,16.8
849,Frankfurt,2012,16.8
843,METU,2012,16.8
850,NYU_Gallatin,2012,16.8
944,Panama_INDICASAT,2012,16.8
813,UTK-Knoxville,2012,16.8
1559,Toronto,2014,16.569925
132,Tianjin,2008,16.4
385,Aberdeen_Scotland,2010,16.4
392,Osaka,2010,16.4
359,Waterloo,2010,16.4
563,Tianjin,2011,16.4
571,TzuChiU_Formosa,2011,16.4
555,Virginia_Tech,2011,16.4
954,Duke,2012,16.4
899,SDU-Denmark,2012,16.4
837,Tsinghua-D,2012,16.4
1075,Bonn,2013,16.4
1110,Georgia_State,2013,16.4
1076,Manaus_Amazonas-Brazil,2013,16.4
1040,Osaka,2013,16.4
1317,Bordeaux,2014,16.4
1450,British_Columbia,2014,16.4
1369,Caltech,2014,16.4
1457,Harvard_BioDesign,2014,16.4
1864,FAFU-CHINA,2015,16.4
1706,Jilin_China,2015,16.4
1757,NEAU-China,2015,16.4
1361,Tianjin,2014,16.04385619
1747,LaVerne-Leos,2015,16.04385619
148,Calgary_Software,2008,16
81,UNIPV-Pavia,2008,16
260,BIOTEC_Dresden,2009,16
279,Freiburg_software,2009,16
211,HKUST,2009,16
253,Washington-Software,2009,16
405,Freiburg_Software,2010,16
410,GeorgiaTech,2010,16
496,HokkaidoU_Japan,2010,16
326,METU_Turkey_Software,2010,16
335,UIUC-Illinois-Software,2010,16
579,KIT-Kyoto,2011,16
528,Warsaw,2011,16
881,TU-Eindhoven,2012,16
1200,AMU-Poznan,2013,16
1049,KIT-Kyoto,2013,16
1029,Tuebingen,2013,16
1078,USP-Brazil,2013,16
1432,Jilin_China,2014,16
1517,The_Tech_Museum,2014,16
2134,HFUT-China,2016,16
1717,OLS_Canmore_AB_CA,2015,15.9
547,HokkaidoU_Japan,2011,15.6
147,University_of_Lethbridge,2008,15.569925
1406,WLC-Milwaukee,2014,15.569925
901,Lethbridge,2012,15.4
1392,METU_Turkey,2014,15.4
1846,Birkbeck,2015,15.4
2042,Evry,2016,15.4
1925,Fudan,2016,15.4
2075,Hannover,2016,15.4
2012,HZAU-China,2016,15.4
2155,NWPU,2016,15.4
110,Johns_Hopkins,2008,14.8
587,ITESM_Mexico,2011,14.8
85,Melbourne,2008,14.569925
180,Southampton,2009,14.569925
549,LMU-Munich,2011,14.569925
676,UCL_London,2011,14.569925
1154,RHIT,2013,14.569925
1459,Warsaw,2014,14.569925
1601,Aix-Marseille,2015,14.569925
108,Tsinghua,2008,14.4
285,Cornell,2009,14.4
292,SupBiotech-Paris,2009,14.4
205,UQ-Australia,2009,14.4
368,LMU-Munich,2010,14.4
593,METU-Ankara,2011,14.4
639,NTNU_Trondheim,2011,14.4
820,Bonn,2012,14.4
877,Missouri_Miners,2012,14.4
908,ULB-Brussels,2012,14.4
807,uOttawa_CA,2012,14.4
1190,Arizona_State,2013,14.4
1044,Biwako_Nagahama,2013,14.4
1153,Kent,2013,14.4
1028,Leeds,2013,14.4
1103,LZU-China,2013,14.4
1207,OU-Norman_OK,2013,14.4
1043,Penn_State,2013,14.4
1121,Queens_Canada,2013,14.4
1521,Brasil-SP,2014,14.4
1430,Goettingen,2014,14.4
1437,HIT-Harbin,2014,14.4
1454,Kent,2014,14.4
1447,Linkoping_Sweden,2014,14.4
1394,Melbourne,2014,14.4
1402,NJU-QIBEBT,2014,14.4
1505,Penn,2014,14.4
1483,Tuebingen,2014,14.4
1386,UC_Santa_Barbara,2014,14.4
1384,UCLA,2014,14.4
1560,UCSC,2014,14.4
1383,UGA-Georgia,2014,14.4
1433,ZJU-China,2014,14.4
1830,Concordia,2015,14.4
1780,IISER_Pune,2015,14.4
1707,Paris_Saclay,2015,14.4
1753,WHU-Pharm,2015,14.4
1885,ASIJ_Tokyo,2016,14.4
1877,Gaston_Day,2016,14.4
2175,KAIT_Japan,2016,14.4
2149,USP-EEL-Brazil,2016,14.4
154,Purdue,2008,13.4
270,Michigan,2009,13.4
179,Todai-Tokyo,2009,13.4
417,Monash_Australia,2010,13.4
772,Fatih-Medical,2012,13.4
1196,AHUT_China,2013,13.4
1605,WashU_StLouis,2015,13.4
672,UTP-Panama,2011,12.8
1895,Newcastle,2016,12.7
88,CPU-NanJing,2008,12.4
152,Guelph,2008,12.4
119,LCG-UNAM-Mexico,2008,12.4
155,Lethbridge_CCS,2008,12.4
138,Michigan,2008,12.4
144,Mississippi_State,2008,12.4
89,Utah_State,2008,12.4
130,Wisconsin,2008,12.4
233,IBB_Pune,2009,12.4
181,MIT,2009,12.4
214,Queens,2009,12.4
265,UC_Davis,2009,12.4
234,uOttawa,2009,12.4
273,Uppsala-Sweden,2009,12.4
241,Waterloo,2009,12.4
220,Wisconsin-Madison,2009,12.4
391,British_Columbia,2010,12.4
324,Brown,2010,12.4
399,Cornell,2010,12.4
497,Macquarie_Australia,2010,12.4
328,Mexico-UNAM-CINVESTAV,2010,12.4
418,Northwestern,2010,12.4
424,Panama,2010,12.4
334,Purdue,2010,12.4
386,Sheffield,2010,12.4
380,Stockholm,2010,12.4
348,ULB-Brussels,2010,12.4
367,UPO-Sevilla,2010,12.4
379,Uppsala-Sweden,2010,12.4
303,Virginia_United,2010,12.4
354,WITS-South_Africa,2010,12.4
578,Arizona_State,2011,12.4
527,Copenhagen,2011,12.4
618,Michigan,2011,12.4
514,Sevilla,2011,12.4
512,USC,2011,12.4
734,Austin_Texas,2012,12.4
848,Bordeaux,2012,12.4
753,Chalmers-Gothenburg,2012,12.4
770,Copenhagen,2012,12.4
794,Ehime-Japan,2012,12.4
940,Westminster,2012,12.4
1109,Baskent_Meds,2013,12.4
1130,BIOSINT_Mexico,2013,12.4
1165,Concordia,2013,12.4
1042,Gaston_Day_School,2013,12.4
1170,IIT_Delhi,2013,12.4
1146,Korea_U_Seoul,2013,12.4
1083,Linkoping_Sweden,2013,12.4
1187,Minnesota,2013,12.4
1160,NJU_NJUT_China,2013,12.4
1082,NTNU-Trondheim,2013,12.4
1176,UCLA,2013,12.4
1232,Washington,2013,12.4
1201,Westminster,2013,12.4
1502,Arizona_State,2014,12.4
1513,BUCT-China,2014,12.4
1524,HokkaidoU_Japan,2014,12.4
1551,HUST-Innovators,2014,12.4
1395,IIT_Delhi,2014,12.4
1370,Missouri_Miners,2014,12.4
1485,NEAU-Harbin,2014,12.4
1417,Northwestern,2014,12.4
1558,OU_Norman,2014,12.4
1439,OUC-China,2014,12.4
1435,Queens_Canada,2014,12.4
1476,Reading,2014,12.4
1453,SJTU-BioX-Shanghai,2014,12.4
1382,Stony_Brook,2014,12.4
1473,TCU_Taiwan,2014,12.4
1311,Tsinghua-A,2014,12.4
1367,UB_Indonesia,2014,12.4
1466,UiOslo_Norway,2014,12.4
1322,Vanderbilt,2014,12.4
1409,William_and_Mary,2014,12.4
1396,Yale,2014,12.4
1628,Nankai,2015,12.4
1867,NYU-AD,2015,12.4
2015,HokkaidoU_Japan,2016,12.4
2142,NAWI-Graz,2016,12.4
2080,SCUT-China_B,2016,12.4
2180,UPMC-Paris,2016,12.4
2121,Yale,2016,12.4
1443,Aalto-Helsinki,2014,11.6
1788,TP_CC-SanDiego,2015,11.5
126,Illinois,2008,11.4
129,METU_Turkey,2008,11.4
146,Missouri_Miners,2008,11.4
160,Prairie_View,2008,11.4
262,Nevada,2009,11.4
237,SDU-Denmark,2009,11.4
192,TorontoMaRSDiscovery,2009,11.4
306,Missouri_Miners,2010,11.4
345,RMIT_Australia,2010,11.4
612,Alberta,2011,11.4
596,Bilkent_UNAM_Turkey,2011,11.4
669,Colombia,2011,11.4
522,ENSPS-Strasbourg,2011,11.4
582,GeorgiaTech,2011,11.4
507,USTC-Software,2011,11.4
749,TMU-Tokyo,2012,11.4
1041,NRP-UEA-Norwich,2013,11.4
1750,ANU-Canberra,2015,11.4
1854,Cairo_Egypt,2015,11.4
1821,Central_Calgary,2015,11.4
1584,Elan_Vital_Korea,2015,11.4
1749,Gaston_Day_School,2015,11.4
1743,GeorgiaTech,2015,11.4
1865,Goettingen,2015,11.4
1827,HAFS-Korea,2015,11.4
1860,Hamburg,2015,11.4
1662,Lambert_GA,2015,11.4
1792,Lethbridge_HS,2015,11.4
1704,Linkoping_Sweden,2015,11.4
1737,Missouri_Rolla,2015,11.4
1705,MIT,2015,11.4
1857,Northeastern_Boston,2015,11.4
1622,Pasteur_Paris,2015,11.4
1768,Pretoria_UP,2015,11.4
1729,RHIT,2015,11.4
1778,Scut-Champion-Park,2015,11.4
1839,SF_Bay_Area_DIYBio,2015,11.4
1826,SVCE_Chennai,2015,11.4
1687,SZMS_15_Shenzhen,2015,11.4
1801,Tec_Guadalajara,2015,11.4
1765,Tokyo-NoKoGen,2015,11.4
1781,TU_Dresden,2015,11.4
1818,Tufts,2015,11.4
1619,UiOslo_Norway,2015,11.4
1811,UMBC-Maryland,2015,11.4
2044,AHUT_China,2016,11.4
1917,Ain_Shams-Egypt,2016,11.4
2187,Baltimore_BioCrew,2016,11.4
2133,BioBricks,2016,11.4
2028,BNDS_China,2016,11.4
1935,Bordeaux,2016,11.4
2171,Bulgaria,2016,11.4
1945,CSU_Fort_Collins,2016,11.4
2160,Dalhousie_Halifax_NS,2016,11.4
2111,Denver_Biolabs,2016,11.4
1967,Edinburgh_UG,2016,11.4
2146,Emory,2016,11.4
1889,Hong_Kong_UCCKE,2016,11.4
2168,IISc_Bangalore,2016,11.4
2163,IIT_Kharagpur,2016,11.4
2141,Istanbul_Tech,2016,11.4
2000,JSNU-China,2016,11.4
1938,Leiden,2016,11.4
2124,Lethbridge_HS,2016,11.4
2095,Linkoping_Sweden,2016,11.4
1929,McMasterU,2016,11.4
2140,Melbourne,2016,11.4
2099,Minnesota,2016,11.4
2125,MSU-Michigan,2016,11.4
2182,Northeastern,2016,11.4
2073,NTHU_Taiwan,2016,11.4
1970,NTNU_Trondheim,2016,11.4
2039,Paris_Saclay,2016,11.4
2056,Peshawar,2016,11.4
1986,Pumas_Mexico,2016,11.4
2064,Queens_Canada,2016,11.4
2077,RHIT,2016,11.4
2143,SCSU-New_Haven,2016,11.4
1884,SZU-China,2016,11.4
1904,TecCEM,2016,11.4
1905,TecCEM_HS,2016,11.4
2069,Tec-Chihuahua,2016,11.4
2048,Toronto,2016,11.4
1882,Tuebingen,2016,11.4
2087,Tufts,2016,11.4
2176,UChicago,2016,11.4
2093,UCLouvain,2016,11.4
1953,UConn,2016,11.4
2050,UI-Indonesia,2016,11.4
1987,UIUC_Illinois,2016,11.4
1975,UNIK_Copenhagen,2016,11.4
2118,UPF-CRG_Barcelona,2016,11.4
2072,UST_Beijing,2016,11.4
2165,Washington,2016,11.4
1977,Westminster_UoW,2016,11.4
431,Georgia_State,2010,10.8
923,BAU-Indonesia,2012,10.8
229,TzuChiU_Formosa,2009,10.4
835,KAIT_Japan,2012,10.4
1097,CAU_China,2013,10.4
1335,NU_Kazakhstan,2014,10.4
1700,Tsinghua-A,2015,10.4
1543,ArtCenter_MDP,2014,10.32
107,Calgary_Ethics,2008,10
236,CBNU-Korea,2009,10
240,Sweden,2009,10
225,Tokyo-Nokogen,2009,10
307,CBNU-Korea,2010,10
498,IvyTech-South_Bend,2010,10
655,Duke,2011,10
610,Korea_U_Seoul,2011,10
866,Marburg_SYNMIKRO,2012,10
941,Osaka,2012,10
754,Valencia,2012,10
1038,Gdansk-UG,2013,10
1105,UGent,2013,10
1562,Michigan_Software,2014,10
1482,PoznanSoft,2014,10
1348,UST_Beijing,2014,10
1388,USyd-Australia,2014,10
1345,Vanderbilt_MF,2014,10
1449,Vanderbilt_Software,2014,10
1411,Zamorano,2014,10
1664,Colegio_EmelinaU,2015,10
1870,GenetiX_Tec_CCM,2015,10
1663,Liceo_Eugenio_Hostos,2015,10
1785,Michigan_Software,2015,10
1721,Rock_Ridge_Virginia,2015,10
1665,San_Andres,2015,10
1697,UI_Indonesia,2015,10
2181,EMW_Street_Bio,2016,10
76,Princeton,2008,8.569925
1776,UFMG_Brazil,2015,7.5
1140,UANL_Mty-Mexico,2013,7.4
645,ArtScienceBangalore,2011,7
653,Panama,2011,6.8
888,UANL_Mty-Mexico,2012,6.8
1148,Bordeaux,2013,6.569925
271,KU_Seoul,2009,6.4
730,JUIT-India,2012,6.4
1331,Nankai,2014,6.4
1334,WHU-China,2014,5.569925
120,Peking_University,2008,5.4
1918,Tsinghua-A,2016,5.4
1606,METU_Turkey,2015,4.569925
603,UST-Beijing,2011,4.4
1096,ITU_MOBGAM_Turkey,2013,4.4
1069,KAIT_Japan,2013,4.4
1095,Leicester,2013,4.4
1452,LA_Biohackers,2014,4.4
1434,Manchester,2014,4.4
1481,PoznanBioInf,2014,4.4
1518,UCC_Ireland,2014,4.4
1845,London_Biohackspace,2015,4.4
1793,SKLBC-China,2015,4.4
1673,Vanderbilt,2015,4.4
2101,Ryerson_Toronto,2016,4.4
1236,Calgary_Entrepreneurial,2013,4
1550,BUGSS_Baltimore,2014,3.4
1654,IIT_Madras,2015,3.4
1772,Purdue,2015,3.4
1593,USTC,2015,3.4
2156,ColegioFDR_Peru,2016,2.7
78,Beijing_Normal,2008,2.4
287,IPOC1-Colombia,2009,2.4
269,Missouri_Miners,2009,2.4
248,UAB-Barcelona,2009,2.4
268,UChicago,2009,2.4
408,IIT_Delhi_1,2010,2.4
351,KAIST-Korea,2010,2.4
609,HIT-Harbin,2011,2.4
826,CD-SCU-CHINA,2012,2.4
788,Nanjing-China,2012,2.4
942,Tec-Monterrey,2012,2.4
945,Tec-Monterrey_EKAM,2012,2.4
857,UC-Merced,2012,2.4
948,WLC-Milwaukee,2012,2.4
1530,Auckland_New_Zealand,2014,2.4
1414,KAIT_JAPAN,2014,2.4
1377,Korea_U_Seoul,2014,2.4
80,Bay_Area_RSI,2008,1.4
127,Kyoto,2008,1.4
163,University_of_Chicago,2008,1.4
153,University_of_Sheffield,2008,1.4
377,Michigan,2010,1.4
373,The_Citadel-Charleston,2010,1.4
357,Toronto,2010,1.4
393,Yale,2010,1.4
509,UEA-JIC_Norwich,2011,1.4
552,WashU,2011,1.4
872,Ciencias-UNAM,2012,1.4
836,Costa_Rica-TEC-UNA,2012,1.4
858,CU-Boulder,2012,1.4
755,GeorgiaState,2012,1.4
890,UGA-Georgia,2012,1.4
1229,CSU_Fort_Collins,2013,1.4
1181,Frankfurt,2013,1.4
1158,Valencia-CIPF,2013,1.4
1458,BGU_Israel,2014,1.4
1495,CSU_Fort_Collins,2014,1.4
1426,Greensboro_Aggies,2014,1.4
1337,London_BioHackspace,2014,1.4
1422,Purdue,2014,1.4
1556,Rutgers,2014,1.4
1514,UFMG_Brazil,2014,1.4
1380,UIUC_Illinois,2014,1.4
1774,Hong_Kong_HKU,2015,1.4
1715,Leicester,2015,1.4
1843,Michigan,2015,1.4
1608,Mingdao,2015,1.4
1710,PacificU-Oregon,2015,1.4
1842,UC_San_Diego,2015,1.4
1588,UNA_Honduras,2015,1.4
1971,BHU_China,2016,1.4
2004,BIOSINT_Mexico,2016,1.4
2186,CAPS_Kansas,2016,1.4
2103,CCA_SanDiego,2016,1.4
1952,Kingsborough_NY,2016,1.4
1999,KoreaSonyeodul,2016,1.4
1902,Leicester,2016,1.4
2112,LN-Shiyan-China,2016,1.4
2034,Missouri_Rolla,2016,1.4
2108,NorthernBC,2016,1.4
2115,Saint_Rose_School_A,2016,1.4
2119,Saint_Rose_School_B,2016,1.4
2011,TCU_Taiwan,2016,1.4
2081,TEC_GenetiX_CCM,2016,1.4
2090,TP_CC_SanDiego,2016,1.4
2138,UMass-Dartmouth,2016,1.4
2024,UoA_NewZealand,2016,1.4
134,Mexico-UNAM-IPN,2008,0.4
226,CityColSanFrancisco,2009,0.4
288,IPOC2-Colombia,2009,0.4
366,HKU-Hong_Kong,2010,0.4
601,Toronto,2011,0.4
926,Toronto,2012,0.4
1142,Costa_Rica_Cibus,2013,0.4
1318,ULB-Brussels,2014,0.4
1646,H4Z-Hangzhou,2015,0.4
1643,Nanjing_NFLS,2015,0.4
159,Colombia,2008,0
158,Duke,2008,0
230,Gaston_Day_School,2009,0
217,Purdue,2009,0
246,Sheffield,2009,0
254,Victoria_Australia,2009,0
219,Yeshiva_NYC,2009,0
420,ArtScienceBangalore,2010,0
375,Baltimore_US,2010,0
308,Gaston_Day_School,2010,0
388,Weimar-Heidelberg_Arts,2010,0
665,Baltimore,2011,0
595,Bard-Annandale,2011,0
605,CBNU-Korea,2011,0
529,GeorgiaState,2011,0
661,Hunter-NYC,2011,0
580,HUST-China,2011,0
623,KAIST-Korea,2011,0
647,KAIT_Japan,2011,0
651,NYC_Software,2011,0
556,TU-Delft,2011,0
570,UQ-Australia,2011,0
565,Valencia,2011,0
674,VCU,2011,0
513,VIT_Vellore,2011,0
583,West_Point,2011,0
803,Clemson,2012,0
918,Colorado_State,2012,0
789,Harvey Mudd,2012,0
856,IIT_Madras,2012,0
852,Leicester,2012,0
868,NYC_Hunter,2012,0
869,NYC_Hunter_Software,2012,0
910,Paris-Saclay,2012,0
840,RHIT,2012,0
919,UConn,2012,0
815,UTBC-RDCongo,2012,0
728,VIT_Vellore,2012,0
790,Waterloo,2012,0
1098,AITM-Nepal,2013,0
1227,Guadalajara,2013,0
1233,Lethbridge_Entrepreneurs,2013,0
1099,MSOE_Milwaukee,2013,0
1118,NU_Kazakhstan,2013,0
1224,Poznan-BioInf,2013,0
1147,Sumbawagen,2013,0
1186,Tufts,2013,0
1193,UChicago,2013,0
1203,UCL_E,2013,0
1209,UIUC_Entrepreneurs,2013,0
1048,UTK-Knoxville,2013,0
1169,WashU_StLouis,2013,0
1528,Harrisburg_NBT,2014,0
1504,Hendrix_Arkansas,2014,0
1327,HNU_China,2014,0
1501,RHIT,2014,0
1564,UC-Santa_Cruz-BioE,2014,0
1538,UMayor-Chile,2014,0
1525,UNIK_Copenhagen,2014,0
1488,Virtus-Parva_Mexico,2014,0
1561,WHU-Pharm,2014,0
1762,CCA_SanDiego,2015,0
1872,Dalhousie_Halifax_NS,2015,0
1863,Hamilton_McMaster,2015,0
1862,IIT_Kharagpur,2015,0
1626,Minnesota,2015,0
1805,Missouri_Columbia,2015,0
1815,Penn,2015,0
1708,Reading,2015,0
1672,SDA-Encinitas,2015,0
1852,Tec-Chihuahua,2015,0
1832,UAI-Chile,2015,0
1730,UChile-OpenBio,2015,0
1775,UCSC,2015,0
1644,UMass-Dartmouth,2015,0
1786,Uniandes_Colombia,2015,0
1803,WLSA_Shanghai,2015,0
1948,SRM_Chennai,2016,0
2147,USNA-Annapolis,2016,0
